{"cameraMode":{"drawMode":0,"name":"Shaded","section":"Shading Mode"},"sceneLighting":true,"audioPlay":false,"sceneViewState":{"m_AlwaysRefresh":false,"showFog":true,"showSkybox":true,"showFlares":true,"showImageEffects":true,"showParticleSystems":true,"showVisualEffectGraphs":true,"m_FxEnabled":true},"in2DMode":false,"pivot":{"x":-6.417881965637207,"y":-13.067337036132813,"z":17.746965408325197},"rotation":{"x":-0.2982558012008667,"y":0.16190201044082642,"z":-0.05126282572746277,"w":-0.9390795230865479},"size":13.022601127624512,"orthographic":false}