{"cameraMode":{"drawMode":0,"name":"Shaded","section":"Shading Mode"},"sceneLighting":true,"audioPlay":false,"sceneViewState":{"m_AlwaysRefresh":false,"showFog":true,"showSkybox":true,"showFlares":true,"showImageEffects":true,"showParticleSystems":true,"showVisualEffectGraphs":true,"m_FxEnabled":true},"in2DMode":false,"pivot":{"x":0.7740027904510498,"y":1.8777791261672974,"z":-1.4249682426452637},"rotation":{"x":-0.19443145394325257,"y":0.2237706482410431,"z":-0.04524245858192444,"w":-0.9538432359695435},"size":0.09741827100515366,"orthographic":false}