{"cameraMode":{"drawMode":0,"name":"Shaded","section":"Shading Mode"},"sceneLighting":true,"audioPlay":false,"sceneViewState":{"m_AlwaysRefresh":false,"showFog":true,"showSkybox":true,"showFlares":true,"showImageEffects":true,"showParticleSystems":true,"showVisualEffectGraphs":true,"m_FxEnabled":true},"in2DMode":false,"pivot":{"x":-0.11678687483072281,"y":1.685545802116394,"z":-1.5684634447097779},"rotation":{"x":0.3672628402709961,"y":-0.12169858068227768,"z":0.04853763058781624,"w":0.9208433628082275},"size":0.09398238360881806,"orthographic":false}