{"cameraMode":{"drawMode":0,"name":"Shaded","section":"Shading Mode"},"sceneLighting":true,"audioPlay":false,"sceneViewState":{"m_AlwaysRefresh":false,"showFog":true,"showSkybox":true,"showFlares":true,"showImageEffects":true,"showParticleSystems":true,"showVisualEffectGraphs":true,"m_FxEnabled":true},"in2DMode":false,"pivot":{"x":0.07595423609018326,"y":0.27006077766418459,"z":-0.20177850127220155},"rotation":{"x":-0.16523338854312898,"y":0.15259438753128053,"z":-0.025523671880364419,"w":-0.9739189147949219},"size":0.22482772171497346,"orthographic":false}