{"cameraMode":{"drawMode":0,"name":"Shaded","section":"Shading Mode"},"sceneLighting":true,"audioPlay":false,"sceneViewState":{"m_AlwaysRefresh":false,"showFog":true,"showSkybox":true,"showFlares":true,"showImageEffects":true,"showParticleSystems":true,"showVisualEffectGraphs":true,"m_FxEnabled":true},"in2DMode":false,"pivot":{"x":661.1163330078125,"y":260.2463684082031,"z":184.33380126953126},"rotation":{"x":-0.01769435405731201,"y":-0.012625432573258877,"z":0.0005548340268433094,"w":-0.9996241331100464},"size":270.685302734375,"orthographic":true}