{"cameraMode":{"drawMode":0,"name":"Shaded","section":"Shading Mode"},"sceneLighting":true,"audioPlay":false,"sceneViewState":{"m_AlwaysRefresh":false,"showFog":true,"showSkybox":true,"showFlares":true,"showImageEffects":true,"showParticleSystems":true,"showVisualEffectGraphs":true,"m_FxEnabled":true},"in2DMode":false,"pivot":{"x":-0.6517815589904785,"y":-0.19663968682289124,"z":0.2503485679626465},"rotation":{"x":-0.018496261909604074,"y":0.9731065034866333,"z":-0.21349723637104035,"w":-0.08277550339698792},"size":4.462764739990234,"orthographic":false}