{"cameraMode":{"drawMode":0,"name":"Shaded","section":"Shading Mode"},"sceneLighting":true,"audioPlay":false,"sceneViewState":{"m_AlwaysRefresh":false,"showFog":true,"showSkybox":true,"showFlares":true,"showImageEffects":true,"showParticleSystems":true,"showVisualEffectGraphs":true,"m_FxEnabled":true},"in2DMode":false,"pivot":{"x":-1.3411288261413575,"y":-4.639979362487793,"z":18.735193252563478},"rotation":{"x":0.13445430994033814,"y":-0.04397857189178467,"z":0.005975150503218174,"w":0.9898985028266907},"size":10.253417015075684,"orthographic":false}