{"cameraMode":{"drawMode":0,"name":"Shaded","section":"Shading Mode"},"sceneLighting":true,"audioPlay":false,"sceneViewState":{"m_AlwaysRefresh":false,"showFog":true,"showSkybox":true,"showFlares":true,"showImageEffects":true,"showParticleSystems":true,"showVisualEffectGraphs":true,"m_FxEnabled":true},"in2DMode":false,"pivot":{"x":0.5893834829330444,"y":-7.177226543426514,"z":-7.374876976013184},"rotation":{"x":-0.003038292285054922,"y":-0.944989800453186,"z":0.32685381174087527,"w":-0.008776688948273659},"size":9.351372718811036,"orthographic":false}