{"cameraMode":{"drawMode":0,"name":"Shaded","section":"Shading Mode"},"sceneLighting":true,"audioPlay":false,"sceneViewState":{"m_AlwaysRefresh":false,"showFog":true,"showSkybox":true,"showFlares":true,"showImageEffects":true,"showParticleSystems":true,"showVisualEffectGraphs":true,"m_FxEnabled":true},"in2DMode":false,"pivot":{"x":-0.3185344934463501,"y":-1.7332626581192017,"z":-1.0662919282913209},"rotation":{"x":0.020702388137578965,"y":0.9560369253158569,"z":-0.28324151039123537,"w":0.07103648781776428},"size":6.3043293952941898,"orthographic":false}