{"cameraMode":{"drawMode":0,"name":"Shaded","section":"Shading Mode"},"sceneLighting":true,"audioPlay":false,"sceneViewState":{"m_AlwaysRefresh":false,"showFog":true,"showSkybox":true,"showFlares":true,"showImageEffects":true,"showParticleSystems":true,"showVisualEffectGraphs":true,"m_FxEnabled":true},"in2DMode":false,"pivot":{"x":0.6449634432792664,"y":0.8185053467750549,"z":0.05019809305667877},"rotation":{"x":0.16805878281593324,"y":-0.3954176902770996,"z":0.07353123277425766,"w":0.8999000191688538},"size":0.8256409764289856,"orthographic":false}